id,date,city,country,pax,type,agent_id,channel,status,revenue,profit,nights
TRV-10162,2025-10-01,לרנקה,קפריסין,6,חבילה,4111,אתר,שולם,13188,2302,11
TRV-10345,2025-10-01,טביליסי,גאורגיה,1,מלון בלבד,8411,אתר,שולם,1460,228,6
TRV-10451,2025-10-01,אמסטרדם,הולנד,4,טיסה בלבד,4111,וואטסאפ,בוטל,4292,734,4
TRV-10004,2025-10-03,אמסטרדם,הולנד,1,מלון בלבד,8411,וואטסאפ,שולם,1277,270,8
TRV-10653,2025-10-03,פראג,צ'כיה,2,חבילה,8402,טלפון,שולם,6384,1262,11
TRV-10479,2025-10-04,דובאי,איחוד האמירויות,2,קרוז,8402,אתר,שולם,6582,1433,8
TRV-10574,2025-10-04,דובאי,איחוד האמירויות,2,קרוז,8411,אתר,ממתין לתשלום,9126,1842,8
TRV-10606,2025-10-04,ניו יורק,"ארה""ב",5,קרוז,4025,אתר,שולם,14620,1529,6
TRV-10338,2025-10-05,בנגקוק,תאילנד,4,טיול מודרך,4025,אתר,שולם,22200,2823,9
TRV-10008,2025-10-06,פריז,צרפת,2,קרוז,8629,מטא Ads,שולם,6226,922,5
TRV-10216,2025-10-06,לונדון,בריטניה,1,חבילה,4111,וואטסאפ,שולם,2938,324,9
TRV-10415,2025-10-06,לרנקה,קפריסין,2,מלון בלבד,8411,וואטסאפ,שולם,2014,264,4
TRV-10503,2025-10-06,ניו יורק,"ארה""ב",3,חבילה,8629,וואטסאפ,שולם,8355,1476,5
TRV-10053,2025-10-07,אמסטרדם,הולנד,3,טיסה בלבד,9320,מטא Ads,שולם,2478,461,12
TRV-10541,2025-10-07,פראג,צ'כיה,2,חבילה,4111,וואטסאפ,שולם,3934,384,6
TRV-10021,2025-10-08,פראג,צ'כיה,3,קרוז,4025,אתר,שולם,12024,1208,7
TRV-10105,2025-10-08,טביליסי,גאורגיה,2,מלון בלבד,4111,וואטסאפ,ממתין לתשלום,3452,607,7
TRV-10386,2025-10-08,ניו יורק,"ארה""ב",4,טיסה בלבד,8629,אתר,ממתין לתשלום,3316,705,8
TRV-10315,2025-10-09,דובאי,איחוד האמירויות,2,טיול מודרך,8411,טלפון,שולם,7478,831,11
TRV-10447,2025-10-09,בנגקוק,תאילנד,1,קרוז,8629,אתר,שולם,3060,505,6
TRV-10711,2025-10-09,טביליסי,גאורגיה,5,חבילה,8411,מטא Ads,בוטל,14985,3027,6
TRV-10175,2025-10-10,אתונה,יוון,2,טיסה בלבד,8411,טלפון,שולם,1760,232,8
TRV-10625,2025-10-10,דובאי,איחוד האמירויות,2,טיול מודרך,8402,אתר,שולם,9974,2177,11
TRV-10680,2025-10-10,טביליסי,גאורגיה,3,חבילה,8402,וואטסאפ,שולם,9207,1871,7
TRV-10690,2025-10-11,אמסטרדם,הולנד,1,טיסה בלבד,8629,טלפון,שולם,1203,189,5
TRV-10719,2025-10-11,אתונה,יוון,1,טיסה בלבד,4025,וואטסאפ,שולם,1097,228,7
TRV-10044,2025-10-12,פריז,צרפת,2,טיסה בלבד,8629,וואטסאפ,שולם,1454,268,4
TRV-10302,2025-10-12,אתונה,יוון,4,מלון בלבד,4025,סוכן משנה,שולם,5488,613,10
TRV-10624,2025-10-12,אתונה,יוון,2,מלון בלבד,9320,מטא Ads,שולם,2776,582,10
TRV-10212,2025-10-13,רומא,איטליה,2,טיול מודרך,8411,אתר,בוטל,9550,1823,11
TRV-10484,2025-10-13,ברצלונה,ספרד,5,מלון בלבד,4025,אתר,שולם,6235,1156,11
TRV-10064,2025-10-14,פריז,צרפת,4,טיול מודרך,9320,אתר,שולם,13576,2554,8
TRV-10626,2025-10-14,פראג,צ'כיה,4,טיול מודרך,8411,טלפון,שולם,23112,4819,8
TRV-10527,2025-10-15,אתונה,יוון,3,טיול מודרך,4111,סוכן משנה,שולם,17262,3669,5
TRV-10703,2025-10-15,אמסטרדם,הולנד,5,קרוז,4111,מטא Ads,שולם,20660,2031,7
TRV-10720,2025-10-16,אמסטרדם,הולנד,2,מלון בלבד,4025,אתר,שולם,2782,498,12
TRV-10250,2025-10-17,רומא,איטליה,1,מלון בלבד,8629,וואטסאפ,שולם,1707,161,11
TRV-10384,2025-10-17,לרנקה,קפריסין,1,קרוז,8411,אתר,שולם,4198,569,8
TRV-10390,2025-10-18,פריז,צרפת,2,מלון בלבד,9320,אתר,שולם,3178,318,6
TRV-10476,2025-10-18,רומא,איטליה,1,טיול מודרך,4111,טלפון,ממתין לתשלום,3359,649,5
TRV-10524,2025-10-19,טביליסי,גאורגיה,1,טיסה בלבד,8411,מטא Ads,שולם,1166,116,4
TRV-10274,2025-10-22,אתונה,יוון,2,טיול מודרך,8411,טלפון,שולם,7106,693,10
TRV-10511,2025-10-22,פריז,צרפת,2,חבילה,8629,סוכן משנה,שולם,6060,800,11
TRV-10277,2025-10-23,פריז,צרפת,5,מלון בלבד,9320,מטא Ads,שולם,6635,1180,4
TRV-10066,2025-10-24,לרנקה,קפריסין,1,קרוז,4025,אתר,בוטל,3039,370,12
TRV-10085,2025-10-24,בנגקוק,תאילנד,4,מלון בלבד,9320,מטא Ads,ממתין לתשלום,6504,1290,3
TRV-10335,2025-10-24,ברצלונה,ספרד,4,טיול מודרך,8629,אתר,ממתין לתשלום,23656,3951,6
TRV-10432,2025-10-24,לונדון,בריטניה,5,טיסה בלבד,4111,אתר,שולם,5400,554,5
TRV-10466,2025-10-24,אמסטרדם,הולנד,2,מלון בלבד,9320,אתר,שולם,2370,285,8
TRV-10636,2025-10-24,לונדון,בריטניה,3,מלון בלבד,4111,אתר,שולם,3129,308,6
TRV-10030,2025-10-25,אמסטרדם,הולנד,1,חבילה,8411,וואטסאפ,שולם,2782,542,6
TRV-10171,2025-10-25,ברצלונה,ספרד,3,חבילה,4111,מטא Ads,שולם,9426,1285,4
TRV-10376,2025-10-25,ברצלונה,ספרד,6,מלון בלבד,4111,אתר,שולם,6294,705,12
TRV-10397,2025-10-26,פראג,צ'כיה,2,קרוז,8402,אתר,שולם,5472,1131,10
TRV-10300,2025-10-27,לונדון,בריטניה,4,קרוז,8402,סוכן משנה,בוטל,11468,2094,12
TRV-10412,2025-10-27,אמסטרדם,הולנד,2,קרוז,9320,טלפון,בוטל,9012,1763,3
TRV-10535,2025-10-27,לונדון,בריטניה,1,מלון בלבד,9320,וואטסאפ,שולם,1193,259,6
TRV-10564,2025-10-27,פראג,צ'כיה,2,טיול מודרך,8411,אתר,שולם,8270,1688,9
TRV-10167,2025-10-28,דובאי,איחוד האמירויות,2,טיול מודרך,4025,אתר,שולם,10502,1291,8
TRV-10713,2025-10-28,לרנקה,קפריסין,1,קרוז,8629,אתר,שולם,3685,432,6
TRV-10529,2025-10-29,אמסטרדם,הולנד,4,טיסה בלבד,9320,אתר,שולם,4720,597,10
TRV-10474,2025-10-30,רומא,איטליה,3,חבילה,8629,אתר,שולם,6360,1141,12
TRV-10273,2025-11-01,אמסטרדם,הולנד,1,חבילה,8411,אתר,שולם,2259,228,9
TRV-10505,2025-11-01,לרנקה,קפריסין,4,חבילה,4025,וואטסאפ,שולם,12288,2352,4
TRV-10563,2025-11-01,לרנקה,קפריסין,1,טיסה בלבד,8629,וואטסאפ,בוטל,1039,98,11
TRV-10663,2025-11-01,טביליסי,גאורגיה,1,טיול מודרך,8629,וואטסאפ,שולם,5780,1009,4
TRV-10682,2025-11-01,ברצלונה,ספרד,2,מלון בלבד,4111,אתר,שולם,2888,591,11
TRV-10388,2025-11-02,אתונה,יוון,3,טיול מודרך,8629,מטא Ads,שולם,17340,3796,6
TRV-10441,2025-11-02,אמסטרדם,הולנד,4,טיול מודרך,8411,טלפון,שולם,18512,3036,4
TRV-10596,2025-11-02,לונדון,בריטניה,2,מלון בלבד,8629,וואטסאפ,ממתין לתשלום,2902,261,5
TRV-10196,2025-11-03,ברצלונה,ספרד,4,טיסה בלבד,8629,מטא Ads,שולם,3116,421,4
TRV-10255,2025-11-03,אתונה,יוון,2,טיסה בלבד,8411,וואטסאפ,ממתין לתשלום,2228,357,11
TRV-10446,2025-11-04,אתונה,יוון,1,טיסה בלבד,8629,טלפון,שולם,1047,221,6
TRV-10613,2025-11-04,לונדון,בריטניה,1,טיסה בלבד,9320,וואטסאפ,שולם,734,102,4
TRV-10502,2025-11-05,פריז,צרפת,2,מלון בלבד,9320,אתר,שולם,2544,549,9
TRV-10521,2025-11-05,אתונה,יוון,3,טיול מודרך,8411,סוכן משנה,שולם,10290,1324,12
TRV-10648,2025-11-05,דובאי,איחוד האמירויות,3,מלון בלבד,4111,אתר,שולם,3261,536,7
TRV-10688,2025-11-05,ברצלונה,ספרד,1,טיול מודרך,8402,טלפון,שולם,4276,736,5
TRV-10057,2025-11-06,דובאי,איחוד האמירויות,2,חבילה,4111,אתר,שולם,3712,642,7
TRV-10531,2025-11-06,ניו יורק,"ארה""ב",2,טיול מודרך,4111,טלפון,שולם,7022,1140,8
TRV-10557,2025-11-06,לונדון,בריטניה,1,קרוז,9320,מטא Ads,בוטל,4529,541,5
TRV-10136,2025-11-07,רומא,איטליה,5,טיול מודרך,4111,אתר,שולם,24925,4583,7
TRV-10195,2025-11-07,רומא,איטליה,2,קרוז,8411,סוכן משנה,שולם,9316,1440,11
TRV-10292,2025-11-07,טביליסי,גאורגיה,2,קרוז,4025,טלפון,שולם,8176,996,12
TRV-10696,2025-11-07,אתונה,יוון,2,מלון בלבד,4025,וואטסאפ,שולם,2514,450,6
TRV-10492,2025-11-08,רומא,איטליה,4,מלון בלבד,8402,טלפון,שולם,6320,696,11
TRV-10602,2025-11-09,לונדון,בריטניה,2,חבילה,8629,וואטסאפ,בוטל,4044,882,3
TRV-10608,2025-11-09,לרנקה,קפריסין,2,טיול מודרך,8402,אתר,שולם,10308,2220,3
TRV-10203,2025-11-10,אמסטרדם,הולנד,3,טיסה בלבד,4111,אתר,שולם,3798,709,4
TRV-10517,2025-11-10,אמסטרדם,הולנד,1,טיול מודרך,8629,אתר,שולם,5372,517,10
TRV-10537,2025-11-10,אמסטרדם,הולנד,1,חבילה,4111,טלפון,שולם,2535,436,7
TRV-10583,2025-11-10,אתונה,יוון,2,טיסה בלבד,9320,מטא Ads,שולם,1856,214,8
TRV-10263,2025-11-11,אמסטרדם,הולנד,2,חבילה,4025,וואטסאפ,בוטל,6436,1361,5
TRV-10355,2025-11-11,רומא,איטליה,1,קרוז,9320,אתר,בוטל,3899,834,9
TRV-10399,2025-11-11,בנגקוק,תאילנד,3,חבילה,9320,טלפון,שולם,8160,816,8
TRV-10589,2025-11-11,פריז,צרפת,2,מלון בלבד,8629,טלפון,שולם,2476,264,4
TRV-10634,2025-11-11,רומא,איטליה,2,חבילה,9320,מטא Ads,בוטל,4382,559,11
TRV-10687,2025-11-11,רומא,איטליה,2,מלון בלבד,8402,וואטסאפ,שולם,2434,338,8
TRV-10669,2025-11-12,פריז,צרפת,3,קרוז,4025,אתר,שולם,8271,1152,10
TRV-10079,2025-11-13,דובאי,איחוד האמירויות,4,חבילה,8629,סוכן משנה,שולם,9532,1338,8
TRV-10298,2025-11-13,לרנקה,קפריסין,2,מלון בלבד,8402,סוכן משנה,שולם,2798,557,7
TRV-10572,2025-11-13,טביליסי,גאורגיה,2,מלון בלבד,8402,וואטסאפ,שולם,2090,196,3
TRV-10600,2025-11-14,ניו יורק,"ארה""ב",1,טיול מודרך,8629,סוכן משנה,בוטל,4605,772,6
TRV-10706,2025-11-14,לרנקה,קפריסין,3,טיסה בלבד,8629,מטא Ads,בוטל,2799,525,10
TRV-10463,2025-11-15,אמסטרדם,הולנד,4,חבילה,8411,וואטסאפ,שולם,10644,2214,10
TRV-10299,2025-11-16,פראג,צ'כיה,2,קרוז,9320,אתר,בוטל,6764,1266,12
TRV-10382,2025-11-16,לונדון,בריטניה,2,טיול מודרך,9320,סוכן משנה,שולם,10696,1598,10
TRV-10461,2025-11-16,אמסטרדם,הולנד,2,חבילה,8629,טלפון,בוטל,4960,757,12
TRV-10714,2025-11-17,דובאי,איחוד האמירויות,5,טיול מודרך,8411,וואטסאפ,שולם,18590,2960,4
TRV-10186,2025-11-18,דובאי,איחוד האמירויות,5,טיסה בלבד,4111,אתר,שולם,3660,361,8
TRV-10534,2025-11-18,אמסטרדם,הולנד,3,קרוז,9320,טלפון,שולם,13206,2642,8
TRV-10670,2025-11-18,אמסטרדם,הולנד,4,מלון בלבד,4025,אתר,שולם,4896,673,5
TRV-10048,2025-11-19,ברצלונה,ספרד,4,טיסה בלבד,9320,וואטסאפ,שולם,4580,470,5
TRV-10083,2025-11-19,טביליסי,גאורגיה,4,קרוז,4111,אתר,שולם,13048,2473,10
TRV-10356,2025-11-20,פראג,צ'כיה,2,טיסה בלבד,8629,סוכן משנה,שולם,1960,270,3
TRV-10701,2025-11-20,דובאי,איחוד האמירויות,1,קרוז,4025,מטא Ads,שולם,3906,532,3
TRV-10368,2025-11-21,ברצלונה,ספרד,5,מלון בלבד,4025,וואטסאפ,שולם,7105,1286,4
TRV-10147,2025-11-22,דובאי,איחוד האמירויות,1,מלון בלבד,8411,אתר,שולם,1067,212,8
TRV-10166,2025-11-22,טביליסי,גאורגיה,2,קרוז,4111,מטא Ads,שולם,7704,734,10
TRV-10313,2025-11-22,בנגקוק,תאילנד,1,טיול מודרך,4025,וואטסאפ,שולם,3750,663,3
TRV-10594,2025-11-22,רומא,איטליה,1,טיול מודרך,4111,מטא Ads,שולם,5121,656,7
TRV-10206,2025-11-23,לרנקה,קפריסין,3,קרוז,8402,אתר,שולם,14103,1936,12
TRV-10283,2025-11-25,אתונה,יוון,2,קרוז,8411,טלפון,שולם,5732,1041,11
TRV-10359,2025-11-25,לרנקה,קפריסין,1,מלון בלבד,8629,מטא Ads,ממתין לתשלום,1327,256,12
TRV-10444,2025-11-25,ברצלונה,ספרד,1,חבילה,8629,מטא Ads,ממתין לתשלום,2752,446,12
TRV-10217,2025-11-26,ניו יורק,"ארה""ב",2,טיול מודרך,9320,אתר,ממתין לתשלום,9988,959,6
TRV-10401,2025-11-26,ברצלונה,ספרד,2,קרוז,8402,מטא Ads,שולם,7716,828,11
TRV-10473,2025-11-26,בנגקוק,תאילנד,5,קרוז,9320,אתר,שולם,16080,3021,12
TRV-10398,2025-11-27,טביליסי,גאורגיה,3,קרוז,4025,סוכן משנה,שולם,8208,1521,7
TRV-10230,2025-11-28,לונדון,בריטניה,1,מלון בלבד,8402,טלפון,ממתין לתשלום,1378,146,3
TRV-10385,2025-11-28,אתונה,יוון,4,חבילה,8629,אתר,ממתין לתשלום,10892,1521,8
TRV-10551,2025-11-28,דובאי,איחוד האמירויות,1,טיסה בלבד,8411,אתר,שולם,926,134,3
TRV-10200,2025-11-29,אתונה,יוון,5,טיול מודרך,8411,וואטסאפ,שולם,24700,2249,8
TRV-10229,2025-11-29,דובאי,איחוד האמירויות,3,טיול מודרך,4025,מטא Ads,שולם,15531,2200,11
TRV-10281,2025-11-30,טביליסי,גאורגיה,1,קרוז,4025,אתר,שולם,3418,391,4
TRV-10404,2025-11-30,רומא,איטליה,4,מלון בלבד,4025,וואטסאפ,שולם,5552,700,5
TRV-10639,2025-11-30,פראג,צ'כיה,5,טיסה בלבד,8411,טלפון,שולם,5765,678,9
TRV-10073,2025-12-01,ניו יורק,"ארה""ב",4,טיול מודרך,4025,אתר,שולם,25360,3747,5
TRV-10154,2025-12-01,בנגקוק,תאילנד,2,קרוז,8402,אתר,שולם,8204,1269,9
TRV-10371,2025-12-01,בנגקוק,תאילנד,1,טיול מודרך,9320,אתר,שולם,5470,825,3
TRV-10681,2025-12-01,אתונה,יוון,2,קרוז,8411,סוכן משנה,ממתין לתשלום,6526,1213,7
TRV-10286,2025-12-02,בנגקוק,תאילנד,2,קרוז,4111,מטא Ads,שולם,10132,1756,7
TRV-10389,2025-12-02,ניו יורק,"ארה""ב",2,קרוז,8411,מטא Ads,שולם,6640,873,11
TRV-10538,2025-12-02,לרנקה,קפריסין,1,טיסה בלבד,8629,וואטסאפ,שולם,1255,141,9
TRV-10121,2025-12-03,לרנקה,קפריסין,2,קרוז,8402,אתר,שולם,6258,807,10
TRV-10568,2025-12-04,רומא,איטליה,2,טיול מודרך,8411,מטא Ads,שולם,10444,1891,9
TRV-10622,2025-12-04,ניו יורק,"ארה""ב",3,טיול מודרך,4111,אתר,שולם,20184,3438,12
TRV-10569,2025-12-05,רומא,איטליה,2,חבילה,9320,וואטסאפ,ממתין לתשלום,4424,700,9
TRV-10692,2025-12-05,רומא,איטליה,1,מלון בלבד,8402,טלפון,שולם,1741,261,5
TRV-10333,2025-12-06,לונדון,בריטניה,2,טיסה בלבד,8402,סוכן משנה,שולם,2792,522,3
TRV-10641,2025-12-07,לרנקה,קפריסין,2,קרוז,9320,אתר,בוטל,10598,1110,7
TRV-10052,2025-12-08,אמסטרדם,הולנד,2,חבילה,9320,אתר,שולם,5356,841,8
TRV-10257,2025-12-09,בנגקוק,תאילנד,4,טיסה בלבד,8402,וואטסאפ,ממתין לתשלום,4220,588,4
TRV-10510,2025-12-09,טביליסי,גאורגיה,2,טיסה בלבד,9320,מטא Ads,שולם,2298,399,11
TRV-10438,2025-12-10,פראג,צ'כיה,2,טיסה בלבד,8629,וואטסאפ,שולם,2194,378,10
TRV-10362,2025-12-11,לרנקה,קפריסין,2,טיול מודרך,8402,מטא Ads,שולם,12846,2078,12
TRV-10174,2025-12-15,ניו יורק,"ארה""ב",1,חבילה,9320,אתר,ממתין לתשלום,3072,628,8
TRV-10306,2025-12-16,אתונה,יוון,3,טיול מודרך,8411,וואטסאפ,שולם,13611,1433,3
TRV-10337,2025-12-16,בנגקוק,תאילנד,2,טיול מודרך,4111,אתר,שולם,8134,1057,8
TRV-10561,2025-12-16,פריז,צרפת,1,קרוז,8402,טלפון,שולם,5199,815,11
TRV-10661,2025-12-16,רומא,איטליה,2,טיסה בלבד,9320,אתר,שולם,2414,453,11
TRV-10100,2025-12-17,אתונה,יוון,3,טיול מודרך,4111,וואטסאפ,בוטל,18210,3426,7
TRV-10131,2025-12-17,פריז,צרפת,3,טיול מודרך,8629,אתר,בוטל,14853,2302,8
TRV-10275,2025-12-17,אתונה,יוון,2,טיול מודרך,4025,מטא Ads,בוטל,10626,1850,7
TRV-10699,2025-12-18,פריז,צרפת,1,טיסה בלבד,4111,אתר,ממתין לתשלום,1028,197,7
TRV-10226,2025-12-19,אתונה,יוון,3,חבילה,8411,וואטסאפ,שולם,11505,1627,8
TRV-10353,2025-12-20,לרנקה,קפריסין,2,טיול מודרך,4025,אתר,שולם,8350,1492,10
TRV-10107,2025-12-21,אתונה,יוון,4,מלון בלבד,8629,וואטסאפ,שולם,6384,990,6
TRV-10241,2025-12-21,לרנקה,קפריסין,4,טיול מודרך,4025,וואטסאפ,ממתין לתשלום,16184,1799,12
TRV-10507,2025-12-21,אמסטרדם,הולנד,1,קרוז,8402,טלפון,שולם,3330,512,11
TRV-10617,2025-12-21,טביליסי,גאורגיה,2,טיול מודרך,4025,מטא Ads,שולם,10618,1901,12
TRV-10266,2025-12-23,פריז,צרפת,1,טיסה בלבד,9320,וואטסאפ,שולם,1475,214,4
TRV-10464,2025-12-23,דובאי,איחוד האמירויות,2,מלון בלבד,9320,סוכן משנה,שולם,3768,603,3
TRV-10054,2025-12-24,רומא,איטליה,2,חבילה,4025,מטא Ads,שולם,5346,1066,12
TRV-10515,2025-12-25,ניו יורק,"ארה""ב",6,טיול מודרך,4025,טלפון,שולם,28716,4494,9
TRV-10673,2025-12-25,ניו יורק,"ארה""ב",1,טיול מודרך,4025,מטא Ads,שולם,5982,907,5
TRV-10027,2025-12-26,רומא,איטליה,2,מלון בלבד,4111,טלפון,ממתין לתשלום,3868,540,8
TRV-10357,2025-12-26,ניו יורק,"ארה""ב",1,טיסה בלבד,8411,וואטסאפ,ממתין לתשלום,920,172,5
TRV-10138,2025-12-27,בנגקוק,תאילנד,2,טיסה בלבד,9320,אתר,שולם,2324,389,9
TRV-10400,2025-12-27,רומא,איטליה,2,קרוז,8402,וואטסאפ,שולם,11006,1628,11
TRV-10228,2025-12-28,רומא,איטליה,2,טיסה בלבד,8411,טלפון,שולם,2164,318,4
TRV-10411,2025-12-28,טביליסי,גאורגיה,2,טיסה בלבד,4025,מטא Ads,שולם,2132,212,11
TRV-10133,2025-12-29,פראג,צ'כיה,4,טיסה בלבד,4111,סוכן משנה,שולם,3612,639,6
TRV-10310,2025-12-29,ברצלונה,ספרד,5,טיסה בלבד,8402,מטא Ads,שולם,5730,775,6
TRV-10406,2025-12-29,לונדון,בריטניה,4,חבילה,4025,מטא Ads,בוטל,14996,2989,12
TRV-10576,2025-12-29,פראג,צ'כיה,4,חבילה,8411,מטא Ads,שולם,10532,1975,8
TRV-10185,2025-12-30,דובאי,איחוד האמירויות,1,טיסה בלבד,9320,וואטסאפ,שולם,1079,100,9
TRV-10425,2025-12-30,טביליסי,גאורגיה,2,טיול מודרך,8402,וואטסאפ,שולם,8316,1651,7
TRV-10633,2025-12-30,פראג,צ'כיה,2,קרוז,4025,אתר,ממתין לתשלום,9844,1488,10
TRV-10360,2025-12-31,ניו יורק,"ארה""ב",2,מלון בלבד,8411,טלפון,שולם,3852,669,5
TRV-10456,2025-12-31,לרנקה,קפריסין,3,טיול מודרך,9320,טלפון,שולם,17223,2949,5
TRV-10526,2025-12-31,אמסטרדם,הולנד,6,מלון בלבד,9320,מטא Ads,בוטל,9786,1226,8
TRV-10578,2025-12-31,אמסטרדם,הולנד,4,טיסה בלבד,8629,וואטסאפ,שולם,3416,348,7
TRV-10638,2025-12-31,דובאי,איחוד האמירויות,3,קרוז,8411,אתר,שולם,10935,2233,11
TRV-10702,2025-12-31,פריז,צרפת,4,טיול מודרך,8629,אתר,שולם,15580,3418,4
TRV-10135,2026-01-01,דובאי,איחוד האמירויות,1,חבילה,4025,אתר,ממתין לתשלום,2750,428,3
TRV-10522,2026-01-01,אמסטרדם,הולנד,4,מלון בלבד,9320,טלפון,שולם,6116,1051,6
TRV-10693,2026-01-01,פראג,צ'כיה,2,חבילה,9320,אתר,ממתין לתשלום,5884,1182,7
TRV-10168,2026-01-02,דובאי,איחוד האמירויות,4,טיסה בלבד,9320,וואטסאפ,ממתין לתשלום,4852,795,5
TRV-10575,2026-01-02,בנגקוק,תאילנד,2,מלון בלבד,8629,טלפון,שולם,2466,502,3
TRV-10090,2026-01-03,אתונה,יוון,2,מלון בלבד,8402,טלפון,בוטל,2898,468,9
TRV-10112,2026-01-04,פראג,צ'כיה,2,חבילה,4025,אתר,שולם,5038,966,9
TRV-10329,2026-01-04,טביליסי,גאורגיה,2,מלון בלבד,4025,וואטסאפ,שולם,3380,357,9
TRV-10439,2026-01-04,ניו יורק,"ארה""ב",4,טיסה בלבד,9320,טלפון,שולם,3620,535,5
TRV-10545,2026-01-04,ניו יורק,"ארה""ב",1,טיול מודרך,8411,וואטסאפ,שולם,3958,652,6
TRV-10101,2026-01-05,לונדון,בריטניה,2,חבילה,4025,וואטסאפ,בוטל,4664,761,10
TRV-10307,2026-01-06,אתונה,יוון,1,חבילה,8402,אתר,שולם,2880,566,8
TRV-10316,2026-01-06,אתונה,יוון,2,טיול מודרך,8629,טלפון,שולם,10822,1984,9
TRV-10125,2026-01-07,פריז,צרפת,3,מלון בלבד,9320,וואטסאפ,שולם,4578,948,5
TRV-10164,2026-01-07,ברצלונה,ספרד,1,טיול מודרך,9320,אתר,ממתין לתשלום,5117,656,11
TRV-10294,2026-01-07,אתונה,יוון,1,חבילה,9320,אתר,שולם,2899,399,9
TRV-10616,2026-01-07,ניו יורק,"ארה""ב",1,מלון בלבד,9320,מטא Ads,ממתין לתשלום,1116,188,8
TRV-10587,2026-01-08,ברצלונה,ספרד,2,מלון בלבד,4111,מטא Ads,שולם,2924,485,8
TRV-10695,2026-01-08,ברצלונה,ספרד,2,חבילה,8629,אתר,שולם,4982,931,6
TRV-10499,2026-01-09,בנגקוק,תאילנד,3,טיסה בלבד,8402,טלפון,שולם,2316,299,8
TRV-10049,2026-01-11,בנגקוק,תאילנד,3,חבילה,8402,אתר,שולם,5952,812,11
TRV-10155,2026-01-12,ניו יורק,"ארה""ב",4,מלון בלבד,8402,מטא Ads,שולם,5916,604,5
TRV-10530,2026-01-13,אמסטרדם,הולנד,1,קרוז,4111,וואטסאפ,שולם,3684,642,11
TRV-10635,2026-01-13,ברצלונה,ספרד,2,טיול מודרך,4025,טלפון,שולם,8490,909,12
TRV-10040,2026-01-15,אתונה,יוון,4,טיול מודרך,4111,אתר,שולם,18708,2172,3
TRV-10458,2026-01-15,אתונה,יוון,2,קרוז,8402,מטא Ads,ממתין לתשלום,7618,1229,11
TRV-10618,2026-01-15,בנגקוק,תאילנד,2,טיול מודרך,8402,וואטסאפ,שולם,10688,1476,10
TRV-10010,2026-01-16,ברצלונה,ספרד,2,טיול מודרך,8629,טלפון,שולם,9980,2182,3
TRV-10422,2026-01-16,טביליסי,גאורגיה,5,מלון בלבד,8411,טלפון,שולם,8320,1398,11
TRV-10189,2026-01-17,פראג,צ'כיה,3,קרוז,4111,מטא Ads,שולם,13839,2154,4
TRV-10358,2026-01-18,דובאי,איחוד האמירויות,2,טיול מודרך,4025,אתר,שולם,11790,1136,4
TRV-10662,2026-01-18,לונדון,בריטניה,4,מלון בלבד,8411,סוכן משנה,שולם,5512,779,12
TRV-10144,2026-01-19,בנגקוק,תאילנד,2,טיסה בלבד,9320,אתר,ממתין לתשלום,2368,361,10
TRV-10152,2026-01-19,ברצלונה,ספרד,1,חבילה,4025,אתר,שולם,2957,270,4
TRV-10153,2026-01-19,לרנקה,קפריסין,3,חבילה,4025,אתר,ממתין לתשלום,9804,1181,9
TRV-10305,2026-01-19,בנגקוק,תאילנד,3,טיסה בלבד,8402,טלפון,שולם,2790,260,9
TRV-10610,2026-01-19,ניו יורק,"ארה""ב",4,חבילה,8411,טלפון,שולם,8084,1305,9
TRV-10573,2026-01-20,לונדון,בריטניה,4,טיסה בלבד,8411,אתר,שולם,4656,977,6
TRV-10651,2026-01-20,לרנקה,קפריסין,2,קרוז,4025,סוכן משנה,שולם,6556,1009,10
TRV-10026,2026-01-21,פראג,צ'כיה,5,טיסה בלבד,8411,וואטסאפ,שולם,4000,795,7
TRV-10540,2026-01-21,לונדון,בריטניה,2,טיול מודרך,4111,וואטסאפ,שולם,7712,1484,8
TRV-10254,2026-01-22,דובאי,איחוד האמירויות,2,טיול מודרך,8411,אתר,שולם,7948,979,6
TRV-10428,2026-01-22,פריז,צרפת,1,חבילה,4111,מטא Ads,שולם,2079,299,8
TRV-10558,2026-01-22,פראג,צ'כיה,4,חבילה,8411,סוכן משנה,שולם,7756,829,7
TRV-10614,2026-01-22,לונדון,בריטניה,3,טיול מודרך,8411,אתר,שולם,12696,2231,12
TRV-10173,2026-01-23,בנגקוק,תאילנד,3,קרוז,4025,אתר,בוטל,13233,1861,7
TRV-10435,2026-01-23,לרנקה,קפריסין,6,טיול מודרך,8411,אתר,שולם,30774,2970,10
TRV-10632,2026-01-23,טביליסי,גאורגיה,1,טיול מודרך,4111,אתר,שולם,4449,446,11
TRV-10678,2026-01-24,לרנקה,קפריסין,1,קרוז,8402,אתר,שולם,4138,505,8
TRV-10013,2026-01-25,פראג,צ'כיה,2,טיסה בלבד,4025,מטא Ads,שולם,1626,263,10
TRV-10142,2026-01-25,דובאי,איחוד האמירויות,2,טיול מודרך,8411,סוכן משנה,שולם,7724,1283,12
TRV-10402,2026-01-25,טביליסי,גאורגיה,2,קרוז,4025,מטא Ads,שולם,9476,1719,7
TRV-10689,2026-01-25,לונדון,בריטניה,3,טיסה בלבד,8402,וואטסאפ,שולם,3102,558,10
TRV-10005,2026-01-26,לרנקה,קפריסין,2,חבילה,8402,טלפון,שולם,5364,558,3
TRV-10460,2026-01-26,בנגקוק,תאילנד,6,קרוז,4025,מטא Ads,שולם,24330,3924,7
TRV-10567,2026-01-26,ניו יורק,"ארה""ב",2,טיול מודרך,4025,אתר,שולם,11668,2333,12
TRV-10364,2026-01-27,ברצלונה,ספרד,2,קרוז,8402,אתר,שולם,7634,1049,6
TRV-10691,2026-01-27,פראג,צ'כיה,2,טיסה בלבד,8411,אתר,שולם,2474,242,5
TRV-10234,2026-01-28,אמסטרדם,הולנד,2,קרוז,8402,טלפון,שולם,7982,785,6
TRV-10430,2026-01-28,דובאי,איחוד האמירויות,3,טיסה בלבד,8411,מטא Ads,שולם,2589,559,11
TRV-10611,2026-01-28,רומא,איטליה,2,טיול מודרך,4025,וואטסאפ,ממתין לתשלום,6744,624,3
TRV-10644,2026-01-29,לונדון,בריטניה,4,חבילה,9320,טלפון,בוטל,8968,1911,4
TRV-10260,2026-01-30,ברצלונה,ספרד,3,טיסה בלבד,9320,טלפון,שולם,3708,791,4
TRV-10554,2026-01-30,לונדון,בריטניה,1,טיול מודרך,8411,אתר,שולם,4111,710,5
TRV-10598,2026-01-30,טביליסי,גאורגיה,2,חבילה,9320,מטא Ads,שולם,3766,821,11
TRV-10069,2026-01-31,ניו יורק,"ארה""ב",1,מלון בלבד,8402,וואטסאפ,שולם,1572,215,12
TRV-10110,2026-01-31,פראג,צ'כיה,2,טיול מודרך,4025,מטא Ads,ממתין לתשלום,6898,772,8
TRV-10149,2026-01-31,ניו יורק,"ארה""ב",1,טיסה בלבד,9320,טלפון,שולם,1021,120,11
TRV-10003,2026-02-01,פראג,צ'כיה,1,קרוז,8629,וואטסאפ,שולם,3441,397,10
TRV-10205,2026-02-03,פריז,צרפת,2,טיסה בלבד,8402,טלפון,ממתין לתשלום,2134,300,12
TRV-10256,2026-02-03,ניו יורק,"ארה""ב",2,קרוז,8411,מטא Ads,שולם,7902,1399,9
TRV-10410,2026-02-03,לונדון,בריטניה,1,קרוז,8411,וואטסאפ,שולם,4533,487,12
TRV-10603,2026-02-03,פריז,צרפת,4,קרוז,8402,אתר,בוטל,16616,3494,11
TRV-10609,2026-02-03,לונדון,בריטניה,2,מלון בלבד,4111,מטא Ads,שולם,2176,382,10
TRV-10664,2026-02-03,אמסטרדם,הולנד,3,חבילה,8629,וואטסאפ,ממתין לתשלום,9099,1217,12
TRV-10093,2026-02-04,טביליסי,גאורגיה,2,טיסה בלבד,4111,אתר,שולם,1926,210,12
TRV-10214,2026-02-04,פראג,צ'כיה,2,חבילה,8411,טלפון,שולם,6640,745,4
TRV-10284,2026-02-05,אתונה,יוון,2,טיול מודרך,8402,אתר,שולם,8502,1205,8
TRV-10268,2026-02-06,פראג,צ'כיה,4,טיסה בלבד,9320,טלפון,ממתין לתשלום,3716,615,12
TRV-10520,2026-02-06,טביליסי,גאורגיה,5,קרוז,4111,טלפון,שולם,23850,2516,7
TRV-10552,2026-02-06,ניו יורק,"ארה""ב",2,חבילה,4025,טלפון,ממתין לתשלום,5470,1008,3
TRV-10672,2026-02-06,לונדון,בריטניה,2,קרוז,9320,סוכן משנה,ממתין לתשלום,6686,1038,9
TRV-10211,2026-02-07,אמסטרדם,הולנד,4,קרוז,8411,טלפון,שולם,17740,2677,8
TRV-10240,2026-02-07,לרנקה,קפריסין,1,קרוז,4111,אתר,שולם,2887,558,9
TRV-10024,2026-02-08,פריז,צרפת,2,טיסה בלבד,8402,וואטסאפ,שולם,2234,250,10
TRV-10248,2026-02-09,דובאי,איחוד האמירויות,2,מלון בלבד,8629,מטא Ads,בוטל,3384,722,3
TRV-10658,2026-02-09,לרנקה,קפריסין,2,טיול מודרך,4111,טלפון,שולם,7766,1311,9
TRV-10134,2026-02-10,ניו יורק,"ארה""ב",2,טיול מודרך,4025,אתר,שולם,9776,1137,10
TRV-10523,2026-02-10,רומא,איטליה,4,קרוז,8411,מטא Ads,שולם,17080,3204,8
TRV-10218,2026-02-11,לרנקה,קפריסין,1,קרוז,4111,מטא Ads,שולם,3447,603,12
TRV-10619,2026-02-11,ניו יורק,"ארה""ב",2,טיסה בלבד,8402,טלפון,שולם,2446,260,10
TRV-10325,2026-02-12,לונדון,בריטניה,4,טיסה בלבד,4025,אתר,שולם,4656,440,6
TRV-10363,2026-02-12,לונדון,בריטניה,2,קרוז,8411,אתר,בוטל,9280,1105,4
TRV-10475,2026-02-12,פריז,צרפת,2,קרוז,8411,סוכן משנה,שולם,7452,843,4
TRV-10655,2026-02-12,רומא,איטליה,2,חבילה,8402,אתר,שולם,6064,1013,7
TRV-10094,2026-02-14,לרנקה,קפריסין,2,טיסה בלבד,8629,מטא Ads,שולם,2110,246,4
TRV-10717,2026-02-14,רומא,איטליה,6,טיול מודרך,8411,אתר,שולם,23628,3887,7
TRV-10127,2026-02-15,ברצלונה,ספרד,3,טיול מודרך,4025,וואטסאפ,ממתין לתשלום,15153,2098,4
TRV-10290,2026-02-15,ניו יורק,"ארה""ב",3,קרוז,4025,אתר,בוטל,13917,2154,6
TRV-10491,2026-02-15,בנגקוק,תאילנד,2,טיול מודרך,4025,טלפון,שולם,8846,1728,5
TRV-10393,2026-02-16,פראג,צ'כיה,1,מלון בלבד,9320,וואטסאפ,שולם,1551,188,3
TRV-10261,2026-02-17,ברצלונה,ספרד,5,חבילה,8411,אתר,שולם,16550,2945,5
TRV-10160,2026-02-19,רומא,איטליה,4,קרוז,8629,וואטסאפ,ממתין לתשלום,14256,1354,7
TRV-10343,2026-02-21,לונדון,בריטניה,2,טיול מודרך,8411,אתר,שולם,8636,1527,8
TRV-10017,2026-02-22,דובאי,איחוד האמירויות,2,טיסה בלבד,8402,וואטסאפ,שולם,1548,230,11
TRV-10077,2026-02-22,ברצלונה,ספרד,2,מלון בלבד,4111,וואטסאפ,שולם,2492,454,7
TRV-10352,2026-02-24,ניו יורק,"ארה""ב",4,קרוז,8402,טלפון,שולם,15020,2282,11
TRV-10239,2026-02-26,פראג,צ'כיה,4,מלון בלבד,8402,וואטסאפ,שולם,4184,470,7
TRV-10440,2026-02-26,אתונה,יוון,2,מלון בלבד,8402,אתר,ממתין לתשלום,3100,651,11
TRV-10512,2026-02-26,דובאי,איחוד האמירויות,2,חבילה,8402,וואטסאפ,שולם,4774,669,3
TRV-10544,2026-02-26,אמסטרדם,הולנד,1,קרוז,9320,אתר,שולם,3209,319,12
TRV-10285,2026-03-01,לרנקה,קפריסין,4,טיול מודרך,9320,מטא Ads,שולם,17536,2115,4
TRV-10297,2026-03-01,לונדון,בריטניה,3,טיול מודרך,4025,אתר,שולם,15084,2211,12
TRV-10457,2026-03-01,לרנקה,קפריסין,2,טיול מודרך,8402,וואטסאפ,שולם,7708,1280,11
TRV-10483,2026-03-02,בנגקוק,תאילנד,5,קרוז,8411,טלפון,שולם,14465,2380,5
TRV-10630,2026-03-02,אתונה,יוון,1,קרוז,4025,וואטסאפ,ממתין לתשלום,3970,688,5
TRV-10076,2026-03-03,פריז,צרפת,1,טיסה בלבד,9320,סוכן משנה,שולם,1253,226,8
TRV-10481,2026-03-03,לרנקה,קפריסין,4,קרוז,8629,אתר,שולם,17352,2472,11
TRV-10318,2026-03-04,בנגקוק,תאילנד,1,חבילה,4111,וואטסאפ,שולם,2767,318,8
TRV-10088,2026-03-05,אמסטרדם,הולנד,1,טיסה בלבד,9320,מטא Ads,שולם,1254,116,3
TRV-10096,2026-03-05,פריז,צרפת,4,קרוז,9320,אתר,שולם,12588,2412,11
TRV-10500,2026-03-05,דובאי,איחוד האמירויות,2,טיסה בלבד,8402,אתר,שולם,1908,369,5
TRV-10082,2026-03-06,לרנקה,קפריסין,1,חבילה,8411,וואטסאפ,שולם,2249,294,5
TRV-10429,2026-03-06,לונדון,בריטניה,2,חבילה,4111,אתר,שולם,5066,864,5
TRV-10145,2026-03-07,ניו יורק,"ארה""ב",2,טיסה בלבד,8411,אתר,שולם,2450,342,7
TRV-10650,2026-03-07,אתונה,יוון,6,טיסה בלבד,8411,אתר,שולם,4794,979,12
TRV-10023,2026-03-08,פראג,צ'כיה,1,חבילה,4111,וואטסאפ,שולם,2184,338,10
TRV-10161,2026-03-08,ניו יורק,"ארה""ב",2,חבילה,4025,אתר,שולם,4128,494,11
TRV-10180,2026-03-08,רומא,איטליה,2,חבילה,4111,אתר,שולם,6330,870,6
TRV-10201,2026-03-08,בנגקוק,תאילנד,2,חבילה,9320,אתר,שולם,5568,1095,5
TRV-10245,2026-03-08,דובאי,איחוד האמירויות,4,חבילה,9320,וואטסאפ,שולם,13036,1412,11
TRV-10419,2026-03-09,טביליסי,גאורגיה,2,מלון בלבד,4111,סוכן משנה,שולם,2124,423,5
TRV-10089,2026-03-10,רומא,איטליה,2,מלון בלבד,4111,וואטסאפ,שולם,2260,414,10
TRV-10667,2026-03-10,אמסטרדם,הולנד,1,טיול מודרך,4111,טלפון,שולם,4541,498,12
TRV-10124,2026-03-11,דובאי,איחוד האמירויות,4,חבילה,8629,וואטסאפ,ממתין לתשלום,8388,1840,6
TRV-10293,2026-03-11,אמסטרדם,הולנד,1,מלון בלבד,4111,טלפון,ממתין לתשלום,977,180,9
TRV-10295,2026-03-11,לונדון,בריטניה,3,קרוז,4025,טלפון,שולם,13944,1416,11
TRV-10716,2026-03-11,ניו יורק,"ארה""ב",3,מלון בלבד,4111,אתר,שולם,3882,466,7
TRV-10330,2026-03-13,ניו יורק,"ארה""ב",1,קרוז,8411,אתר,שולם,3807,605,8
TRV-10550,2026-03-13,לונדון,בריטניה,3,קרוז,8402,מטא Ads,שולם,14034,2726,8
TRV-10118,2026-03-14,אתונה,יוון,4,חבילה,9320,מטא Ads,ממתין לתשלום,8820,1072,10
TRV-10132,2026-03-14,אמסטרדם,הולנד,2,חבילה,4025,מטא Ads,שולם,5226,1045,11
TRV-10188,2026-03-14,ברצלונה,ספרד,4,טיול מודרך,9320,מטא Ads,שולם,23668,4083,3
TRV-10308,2026-03-14,דובאי,איחוד האמירויות,4,טיסה בלבד,4111,אתר,שולם,4860,455,11
TRV-10612,2026-03-14,בנגקוק,תאילנד,2,קרוז,8402,אתר,שולם,9418,1433,5
TRV-10123,2026-03-16,ניו יורק,"ארה""ב",1,קרוז,4025,מטא Ads,שולם,4662,940,6
TRV-10192,2026-03-18,אתונה,יוון,3,מלון בלבד,8411,מטא Ads,שולם,3321,537,5
TRV-10106,2026-03-19,לונדון,בריטניה,2,קרוז,8402,מטא Ads,שולם,5910,923,12
TRV-10264,2026-03-19,אמסטרדם,הולנד,2,מלון בלבד,8402,וואטסאפ,ממתין לתשלום,2674,448,10
TRV-10282,2026-03-19,דובאי,איחוד האמירויות,5,חבילה,9320,סוכן משנה,בוטל,11370,1939,8
TRV-10377,2026-03-19,רומא,איטליה,4,קרוז,8629,אתר,שולם,10892,1112,7
TRV-10604,2026-03-19,פריז,צרפת,6,טיול מודרך,4111,מטא Ads,שולם,32262,4677,10
TRV-10237,2026-03-20,ניו יורק,"ארה""ב",1,מלון בלבד,8629,מטא Ads,שולם,1588,305,11
TRV-10565,2026-03-20,פראג,צ'כיה,1,חבילה,4111,מטא Ads,שולם,1853,364,5
TRV-10126,2026-03-21,טביליסי,גאורגיה,5,קרוז,8411,וואטסאפ,שולם,18190,3674,6
TRV-10468,2026-03-21,דובאי,איחוד האמירויות,2,קרוז,4111,אתר,בוטל,7636,1290,10
TRV-10570,2026-03-21,דובאי,איחוד האמירויות,2,טיסה בלבד,8629,טלפון,שולם,2304,271,10
TRV-10652,2026-03-23,לרנקה,קפריסין,2,חבילה,8411,אתר,בוטל,4578,793,9
TRV-10020,2026-03-24,דובאי,איחוד האמירויות,1,קרוז,8411,מטא Ads,ממתין לתשלום,4711,679,12
TRV-10159,2026-03-24,דובאי,איחוד האמירויות,1,טיסה בלבד,9320,וואטסאפ,שולם,1171,200,4
TRV-10373,2026-03-24,אמסטרדם,הולנד,1,טיול מודרך,4111,אתר,שולם,5029,569,8
TRV-10034,2026-03-25,ניו יורק,"ארה""ב",2,טיסה בלבד,4025,אתר,ממתין לתשלום,1556,302,6
TRV-10091,2026-03-25,אמסטרדם,הולנד,2,חבילה,8629,סוכן משנה,שולם,5124,494,9
TRV-10194,2026-03-25,אתונה,יוון,2,מלון בלבד,8629,טלפון,שולם,2628,532,6
TRV-10496,2026-03-25,ניו יורק,"ארה""ב",2,טיול מודרך,8402,וואטסאפ,ממתין לתשלום,9908,1602,6
TRV-10592,2026-03-25,אמסטרדם,הולנד,3,מלון בלבד,8629,וואטסאפ,שולם,4572,549,12
TRV-10224,2026-03-26,פריז,צרפת,4,טיסה בלבד,9320,וואטסאפ,שולם,3468,671,8
TRV-10243,2026-03-26,טביליסי,גאורגיה,2,טיול מודרך,8411,מטא Ads,שולם,8002,1641,4
TRV-10395,2026-03-26,בנגקוק,תאילנד,4,טיול מודרך,4025,אתר,בוטל,17280,3122,7
TRV-10158,2026-03-27,דובאי,איחוד האמירויות,4,טיול מודרך,4025,טלפון,ממתין לתשלום,16288,3344,12
TRV-10449,2026-03-27,ברצלונה,ספרד,5,טיול מודרך,4025,אתר,ממתין לתשלום,16750,1589,3
TRV-10426,2026-03-28,רומא,איטליה,4,מלון בלבד,8411,סוכן משנה,ממתין לתשלום,4480,462,12
TRV-10665,2026-03-28,לרנקה,קפריסין,4,מלון בלבד,9320,וואטסאפ,בוטל,4828,735,10
TRV-10252,2026-03-29,דובאי,איחוד האמירויות,2,קרוז,4111,טלפון,שולם,5506,683,8
TRV-10334,2026-03-29,רומא,איטליה,1,טיסה בלבד,4025,טלפון,ממתין לתשלום,1080,131,4
TRV-10405,2026-03-29,לרנקה,קפריסין,4,טיול מודרך,8629,אתר,שולם,19544,3644,6
TRV-10095,2026-03-30,אתונה,יוון,3,טיול מודרך,4025,וואטסאפ,שולם,10617,1602,11
TRV-10577,2026-03-31,רומא,איטליה,6,טיול מודרך,4111,אתר,שולם,29844,2875,7
TRV-10470,2026-04-01,רומא,איטליה,1,חבילה,8629,מטא Ads,ממתין לתשלום,4247,917,4
TRV-10309,2026-04-02,לונדון,בריטניה,2,טיול מודרך,8402,סוכן משנה,שולם,13316,2868,9
TRV-10462,2026-04-02,אתונה,יוון,1,טיסה בלבד,4111,אתר,שולם,1112,125,7
TRV-10098,2026-04-03,רומא,איטליה,3,חבילה,8411,וואטסאפ,שולם,11496,2150,3
TRV-10394,2026-04-03,פריז,צרפת,2,טיול מודרך,4111,וואטסאפ,שולם,10026,1426,4
TRV-10628,2026-04-03,לרנקה,קפריסין,4,קרוז,9320,מטא Ads,בוטל,19616,3128,7
TRV-10698,2026-04-03,לונדון,בריטניה,6,קרוז,9320,אתר,שולם,30708,5182,12
TRV-10146,2026-04-04,אתונה,יוון,3,טיול מודרך,4025,וואטסאפ,שולם,15249,2151,7
TRV-10317,2026-04-04,לרנקה,קפריסין,2,קרוז,8629,אתר,שולם,10500,2021,7
TRV-10676,2026-04-04,פראג,צ'כיה,3,טיול מודרך,8411,וואטסאפ,שולם,20382,4206,4
TRV-10684,2026-04-04,לונדון,בריטניה,1,מלון בלבד,8402,וואטסאפ,שולם,2058,379,11
TRV-10204,2026-04-06,בנגקוק,תאילנד,2,טיול מודרך,4025,אתר,בוטל,12028,1541,12
TRV-10223,2026-04-06,פראג,צ'כיה,3,מלון בלבד,8629,טלפון,שולם,4551,443,11
TRV-10453,2026-04-06,רומא,איטליה,2,טיול מודרך,8411,וואטסאפ,ממתין לתשלום,10980,2159,11
TRV-10074,2026-04-07,ברצלונה,ספרד,3,טיול מודרך,8629,טלפון,שולם,16797,3141,8
TRV-10597,2026-04-08,ברצלונה,ספרד,5,קרוז,8629,סוכן משנה,שולם,28065,5885,7
TRV-10012,2026-04-09,פראג,צ'כיה,2,טיול מודרך,8629,וואטסאפ,שולם,12336,2500,7
TRV-10339,2026-04-09,טביליסי,גאורגיה,1,חבילה,8411,וואטסאפ,שולם,3016,367,5
TRV-10642,2026-04-10,פראג,צ'כיה,5,קרוז,4025,אתר,שולם,22845,3587,3
TRV-10434,2026-04-11,לרנקה,קפריסין,2,קרוז,8629,אתר,שולם,13000,1548,7
TRV-10533,2026-04-11,אמסטרדם,הולנד,2,מלון בלבד,4025,אתר,שולם,4260,531,5
TRV-10099,2026-04-12,טביליסי,גאורגיה,3,טיסה בלבד,4025,אתר,שולם,3612,687,12
TRV-10660,2026-04-12,טביליסי,גאורגיה,1,טיסה בלבד,4025,אתר,שולם,1623,351,8
TRV-10452,2026-04-13,פראג,צ'כיה,2,טיסה בלבד,8629,וואטסאפ,שולם,3508,392,6
TRV-10102,2026-04-14,רומא,איטליה,1,טיול מודרך,8629,אתר,שולם,4768,868,3
TRV-10148,2026-04-15,ניו יורק,"ארה""ב",1,קרוז,8411,אתר,שולם,4642,731,12
TRV-10220,2026-04-15,דובאי,איחוד האמירויות,3,מלון בלבד,8411,אתר,שולם,5313,1055,9
TRV-10549,2026-04-15,בנגקוק,תאילנד,2,מלון בלבד,8411,טלפון,ממתין לתשלום,4212,642,10
TRV-10062,2026-04-16,ניו יורק,"ארה""ב",6,קרוז,9320,טלפון,שולם,31734,4628,11
TRV-10421,2026-04-16,רומא,איטליה,3,חבילה,4111,טלפון,שולם,9024,1167,11
TRV-10542,2026-04-16,ניו יורק,"ארה""ב",1,טיול מודרך,4025,וואטסאפ,שולם,5711,810,6
TRV-10700,2026-04-16,לרנקה,קפריסין,3,טיסה בלבד,8402,וואטסאפ,שולם,5046,716,5
TRV-10035,2026-04-18,רומא,איטליה,6,טיול מודרך,4025,מטא Ads,בוטל,47652,5911,8
TRV-10080,2026-04-18,לרנקה,קפריסין,1,טיול מודרך,8402,סוכן משנה,שולם,6453,1217,6
TRV-10436,2026-04-18,לונדון,בריטניה,1,קרוז,8629,טלפון,שולם,6482,587,8
TRV-10631,2026-04-19,בנגקוק,תאילנד,2,חבילה,4025,אתר,שולם,5802,1217,11
TRV-10084,2026-04-20,דובאי,איחוד האמירויות,2,מלון בלבד,4025,אתר,שולם,4008,641,12
TRV-10469,2026-04-20,בנגקוק,תאילנד,2,טיסה בלבד,8629,סוכן משנה,שולם,2770,451,4
TRV-10580,2026-04-20,פראג,צ'כיה,4,טיסה בלבד,9320,וואטסאפ,שולם,6788,1256,9
TRV-10002,2026-04-21,ניו יורק,"ארה""ב",3,טיול מודרך,8411,אתר,שולם,20301,4022,6
TRV-10059,2026-04-21,פראג,צ'כיה,1,טיול מודרך,4111,אתר,שולם,4817,711,6
TRV-10065,2026-04-22,פריז,צרפת,2,מלון בלבד,9320,אתר,ממתין לתשלום,2746,400,6
TRV-10063,2026-04-23,פראג,צ'כיה,2,טיול מודרך,8402,וואטסאפ,שולם,10912,1777,7
TRV-10392,2026-04-23,פראג,צ'כיה,2,מלון בלבד,9320,סוכן משנה,שולם,2628,351,4
TRV-10588,2026-04-23,טביליסי,גאורגיה,6,קרוז,8629,טלפון,שולם,23130,4829,6
TRV-10620,2026-04-23,פריז,צרפת,2,קרוז,8402,אתר,שולם,9736,991,11
TRV-10182,2026-04-24,טביליסי,גאורגיה,2,טיול מודרך,9320,סוכן משנה,שולם,9026,1079,11
TRV-10225,2026-04-24,רומא,איטליה,2,חבילה,8402,אתר,בוטל,5312,1052,5
TRV-10668,2026-04-24,לרנקה,קפריסין,2,מלון בלבד,8402,טלפון,שולם,4272,869,7
TRV-10115,2026-04-25,ניו יורק,"ארה""ב",3,קרוז,4111,סוכן משנה,ממתין לתשלום,14109,2945,7
TRV-10391,2026-04-25,טביליסי,גאורגיה,2,קרוז,9320,אתר,שולם,8702,841,7
TRV-10056,2026-04-26,ברצלונה,ספרד,4,טיול מודרך,9320,אתר,שולם,27712,5251,5
TRV-10114,2026-04-26,ברצלונה,ספרד,2,טיסה בלבד,4025,סוכן משנה,שולם,2360,314,5
TRV-10157,2026-04-26,אתונה,יוון,1,קרוז,8402,אתר,שולם,6198,1137,3
TRV-10172,2026-04-26,דובאי,איחוד האמירויות,5,טיול מודרך,9320,סוכן משנה,שולם,37530,3706,7
TRV-10409,2026-04-26,ניו יורק,"ארה""ב",5,טיסה בלבד,8411,אתר,שולם,6640,1071,9
TRV-10366,2026-04-27,לונדון,בריטניה,3,מלון בלבד,8402,טלפון,ממתין לתשלום,6765,717,8
TRV-10621,2026-04-28,ניו יורק,"ארה""ב",5,טיול מודרך,9320,וואטסאפ,שולם,34335,3307,12
TRV-10033,2026-04-29,טביליסי,גאורגיה,2,קרוז,9320,וואטסאפ,שולם,10050,2093,11
TRV-10097,2026-04-30,לרנקה,קפריסין,2,מלון בלבד,9320,וואטסאפ,שולם,3258,529,4
TRV-10504,2026-04-30,פראג,צ'כיה,5,קרוז,8402,טלפון,שולם,21980,4414,6
TRV-10640,2026-04-30,ברצלונה,ספרד,2,טיול מודרך,8629,אתר,שולם,11034,1867,6
TRV-10328,2026-05-01,ניו יורק,"ארה""ב",3,חבילה,4025,אתר,שולם,6597,1381,7
TRV-10022,2026-05-02,טביליסי,גאורגיה,2,טיול מודרך,4111,סוכן משנה,שולם,9000,1443,3
TRV-10067,2026-05-02,ניו יורק,"ארה""ב",1,חבילה,8629,וואטסאפ,שולם,2373,326,10
TRV-10197,2026-05-02,ברצלונה,ספרד,3,חבילה,8411,אתר,שולם,9330,1933,6
TRV-10247,2026-05-02,ברצלונה,ספרד,2,חבילה,4111,אתר,שולם,5754,1221,7
TRV-10442,2026-05-02,ניו יורק,"ארה""ב",4,חבילה,8411,מטא Ads,שולם,12464,1836,4
TRV-10009,2026-05-03,אמסטרדם,הולנד,2,קרוז,4111,אתר,שולם,7300,913,3
TRV-10015,2026-05-04,פראג,צ'כיה,2,טיול מודרך,8629,טלפון,שולם,7496,742,12
TRV-10130,2026-05-05,פראג,צ'כיה,1,מלון בלבד,4025,וואטסאפ,שולם,1731,196,5
TRV-10615,2026-05-05,אמסטרדם,הולנד,2,טיול מודרך,9320,מטא Ads,שולם,9034,1959,9
TRV-10137,2026-05-06,פריז,צרפת,3,טיול מודרך,9320,אתר,ממתין לתשלום,15744,2983,11
TRV-10141,2026-05-06,רומא,איטליה,6,טיול מודרך,8629,טלפון,שולם,23358,3778,4
TRV-10370,2026-05-06,אתונה,יוון,2,קרוז,8402,טלפון,שולם,5574,1083,3
TRV-10104,2026-05-07,לרנקה,קפריסין,1,טיסה בלבד,8402,מטא Ads,ממתין לתשלום,1169,164,12
TRV-10037,2026-05-08,פריז,צרפת,1,מלון בלבד,4111,מטא Ads,ממתין לתשלום,1496,226,11
TRV-10489,2026-05-08,לונדון,בריטניה,1,חבילה,9320,אתר,שולם,3164,414,12
TRV-10501,2026-05-08,לונדון,בריטניה,4,קרוז,9320,אתר,ממתין לתשלום,18316,3864,10
TRV-10674,2026-05-08,בנגקוק,תאילנד,3,טיול מודרך,9320,אתר,שולם,15402,2928,3
TRV-10715,2026-05-08,דובאי,איחוד האמירויות,2,חבילה,8402,טלפון,שולם,4990,663,10
TRV-10187,2026-05-09,ניו יורק,"ארה""ב",6,טיסה בלבד,8402,אתר,ממתין לתשלום,6072,1247,9
TRV-10482,2026-05-09,טביליסי,גאורגיה,3,קרוז,9320,טלפון,שולם,11610,2123,7
TRV-10117,2026-05-10,בנגקוק,תאילנד,5,מלון בלבד,9320,סוכן משנה,שולם,8340,1419,12
TRV-10231,2026-05-10,בנגקוק,תאילנד,2,קרוז,9320,אתר,שולם,7622,1070,5
TRV-10235,2026-05-10,פראג,צ'כיה,1,טיסה בלבד,9320,אתר,ממתין לתשלום,1291,193,5
TRV-10539,2026-05-10,בנגקוק,תאילנד,2,טיול מודרך,8411,טלפון,שולם,6820,720,9
TRV-10645,2026-05-11,טביליסי,גאורגיה,4,מלון בלבד,9320,אתר,שולם,4872,897,4
TRV-10078,2026-05-13,לרנקה,קפריסין,4,מלון בלבד,4025,מטא Ads,שולם,5268,1137,6
TRV-10637,2026-05-13,אמסטרדם,הולנד,4,חבילה,8629,אתר,שולם,12412,1745,7
TRV-10433,2026-05-15,רומא,איטליה,4,מלון בלבד,8402,אתר,שולם,5212,860,11
TRV-10556,2026-05-15,פראג,צ'כיה,4,טיסה בלבד,9320,אתר,שולם,4064,888,10
TRV-10323,2026-05-17,אמסטרדם,הולנד,2,מלון בלבד,8411,אתר,בוטל,3464,589,6
TRV-10679,2026-05-18,אתונה,יוון,2,חבילה,9320,סוכן משנה,בוטל,4214,855,8
TRV-10122,2026-05-19,לרנקה,קפריסין,2,מלון בלבד,9320,מטא Ads,שולם,3000,389,7
TRV-10336,2026-05-19,רומא,איטליה,2,חבילה,4111,סוכן משנה,שולם,5594,626,9
TRV-10516,2026-05-19,פריז,צרפת,3,טיסה בלבד,8411,וואטסאפ,שולם,2637,488,10
TRV-10494,2026-05-20,אתונה,יוון,4,טיול מודרך,9320,מטא Ads,שולם,19536,3252,4
TRV-10536,2026-05-20,רומא,איטליה,2,חבילה,8402,אתר,שולם,5616,1175,12
TRV-10296,2026-05-21,אמסטרדם,הולנד,2,טיול מודרך,4025,אתר,ממתין לתשלום,11764,1673,6
TRV-10319,2026-05-21,רומא,איטליה,2,טיול מודרך,8629,אתר,שולם,7768,1360,6
TRV-10498,2026-05-21,טביליסי,גאורגיה,3,טיסה בלבד,8402,סוכן משנה,שולם,3228,411,6
TRV-10289,2026-05-22,פריז,צרפת,2,חבילה,8411,וואטסאפ,שולם,6526,802,3
TRV-10591,2026-05-22,דובאי,איחוד האמירויות,4,חבילה,8411,אתר,שולם,9944,1877,3
TRV-10647,2026-05-22,פראג,צ'כיה,1,קרוז,8411,אתר,שולם,4909,453,8
TRV-10361,2026-05-23,פראג,צ'כיה,2,חבילה,8411,סוכן משנה,ממתין לתשלום,5844,1130,6
TRV-10623,2026-05-23,לונדון,בריטניה,3,קרוז,4111,וואטסאפ,שולם,12033,2433,12
TRV-10269,2026-05-24,אתונה,יוון,2,קרוז,4025,אתר,בוטל,6472,1300,11
TRV-10519,2026-05-24,לונדון,בריטניה,1,מלון בלבד,4025,אתר,ממתין לתשלום,1345,176,6
TRV-10129,2026-05-25,רומא,איטליה,2,טיול מודרך,4111,אתר,ממתין לתשלום,6954,632,7
TRV-10396,2026-05-25,לרנקה,קפריסין,4,טיול מודרך,4111,וואטסאפ,בוטל,18620,3906,11
TRV-10471,2026-05-25,פריז,צרפת,6,מלון בלבד,9320,מטא Ads,שולם,5820,762,12
TRV-10477,2026-05-25,אמסטרדם,הולנד,4,טיול מודרך,4025,סוכן משנה,שולם,19752,3160,9
TRV-10103,2026-05-26,פראג,צ'כיה,3,חבילה,9320,סוכן משנה,שולם,6537,694,8
TRV-10593,2026-05-26,אמסטרדם,הולנד,1,טיול מודרך,4111,וואטסאפ,ממתין לתשלום,5888,1165,6
TRV-10265,2026-05-27,פריז,צרפת,2,קרוז,9320,וואטסאפ,שולם,9762,1846,7
TRV-10267,2026-05-27,פריז,צרפת,2,חבילה,4111,וואטסאפ,בוטל,4178,559,10
TRV-10497,2026-05-27,פריז,צרפת,2,טיול מודרך,9320,אתר,שולם,8790,1009,11
TRV-10139,2026-05-28,דובאי,איחוד האמירויות,3,חבילה,8629,אתר,שולם,6096,1025,10
TRV-10314,2026-05-28,אתונה,יוון,2,חבילה,8402,אתר,שולם,4744,580,3
TRV-10485,2026-05-28,רומא,איטליה,2,חבילה,4111,אתר,שולם,6008,724,12
TRV-10387,2026-05-29,רומא,איטליה,3,מלון בלבד,8411,סוכן משנה,שולם,2982,303,7
TRV-10170,2026-05-30,פראג,צ'כיה,3,טיסה בלבד,4025,טלפון,שולם,2631,323,5
TRV-10031,2026-06-01,אתונה,יוון,1,חבילה,8629,אתר,שולם,2969,281,8
TRV-10258,2026-06-01,פריז,צרפת,1,חבילה,8629,אתר,שולם,2409,503,5
TRV-10156,2026-06-02,פראג,צ'כיה,2,טיול מודרך,8411,טלפון,ממתין לתשלום,8204,1701,4
TRV-10301,2026-06-02,אתונה,יוון,2,טיול מודרך,4111,אתר,שולם,8732,815,11
TRV-10208,2026-06-03,אמסטרדם,הולנד,3,חבילה,9320,טלפון,בוטל,9873,2163,6
TRV-10311,2026-06-03,דובאי,איחוד האמירויות,1,קרוז,8411,סוכן משנה,שולם,4308,777,11
TRV-10532,2026-06-03,פראג,צ'כיה,6,מלון בלבד,8629,מטא Ads,שולם,6660,924,11
TRV-10581,2026-06-03,ברצלונה,ספרד,1,מלון בלבד,9320,טלפון,ממתין לתשלום,1557,321,12
TRV-10629,2026-06-03,ניו יורק,"ארה""ב",2,חבילה,4025,אתר,שולם,3964,501,11
TRV-10019,2026-06-04,רומא,איטליה,3,מלון בלבד,8402,סוכן משנה,שולם,3201,477,5
TRV-10051,2026-06-04,ברצלונה,ספרד,2,חבילה,4025,אתר,ממתין לתשלום,4290,938,3
TRV-10346,2026-06-04,ברצלונה,ספרד,3,קרוז,9320,אתר,שולם,14361,1886,10
TRV-10177,2026-06-05,ברצלונה,ספרד,6,טיסה בלבד,8402,סוכן משנה,שולם,7800,735,9
TRV-10116,2026-06-06,ניו יורק,"ארה""ב",4,קרוז,4111,אתר,שולם,18176,1907,11
TRV-10427,2026-06-07,פריז,צרפת,2,חבילה,8402,אתר,שולם,5790,814,4
TRV-10193,2026-06-09,רומא,איטליה,2,טיסה בלבד,8402,אתר,ממתין לתשלום,2410,377,3
TRV-10043,2026-06-10,ברצלונה,ספרד,2,קרוז,8411,מטא Ads,שולם,7760,1122,5
TRV-10259,2026-06-10,לונדון,בריטניה,5,מלון בלבד,8402,מטא Ads,שולם,5340,1038,6
TRV-10431,2026-06-10,פריז,צרפת,4,טיסה בלבד,8402,מטא Ads,שולם,3036,290,8
TRV-10181,2026-06-11,בנגקוק,תאילנד,2,טיול מודרך,8411,מטא Ads,שולם,10972,2394,10
TRV-10424,2026-06-11,פריז,צרפת,2,מלון בלבד,4025,מטא Ads,שולם,1982,417,8
TRV-10459,2026-06-11,לרנקה,קפריסין,6,טיול מודרך,8402,וואטסאפ,שולם,22188,2342,12
TRV-10543,2026-06-11,פראג,צ'כיה,4,קרוז,9320,אתר,שולם,17092,3408,9
TRV-10643,2026-06-11,אתונה,יוון,4,קרוז,8402,מטא Ads,שולם,12004,2212,3
TRV-10708,2026-06-11,ניו יורק,"ארה""ב",3,חבילה,8629,מטא Ads,שולם,8454,811,3
TRV-10584,2026-06-12,ניו יורק,"ארה""ב",3,טיול מודרך,8402,סוכן משנה,שולם,14460,1998,4
TRV-10025,2026-06-13,לונדון,בריטניה,2,מלון בלבד,8629,מטא Ads,שולם,2230,434,9
TRV-10045,2026-06-13,טביליסי,גאורגיה,2,טיול מודרך,9320,אתר,שולם,9884,1791,9
TRV-10165,2026-06-13,לונדון,בריטניה,3,מלון בלבד,8629,מטא Ads,שולם,3639,571,4
TRV-10332,2026-06-13,אמסטרדם,הולנד,4,טיול מודרך,8411,אתר,שולם,19800,3029,3
TRV-10705,2026-06-13,לונדון,בריטניה,1,חבילה,8411,וואטסאפ,שולם,2154,292,10
TRV-10219,2026-06-14,רומא,איטליה,2,מלון בלבד,8411,טלפון,שולם,2338,277,10
TRV-10215,2026-06-15,ברצלונה,ספרד,1,טיול מודרך,4025,מטא Ads,שולם,4679,793,9
TRV-10559,2026-06-15,אתונה,יוון,2,טיסה בלבד,4025,אתר,בוטל,2366,242,7
TRV-10694,2026-06-15,ניו יורק,"ארה""ב",4,טיסה בלבד,4025,סוכן משנה,ממתין לתשלום,4544,986,6
TRV-10036,2026-06-16,רומא,איטליה,1,מלון בלבד,8411,אתר,שולם,1389,213,4
TRV-10383,2026-06-16,אמסטרדם,הולנד,5,מלון בלבד,4111,טלפון,שולם,8590,945,8
TRV-10202,2026-06-17,רומא,איטליה,5,מלון בלבד,8411,אתר,שולם,6805,1048,7
TRV-10344,2026-06-17,טביליסי,גאורגיה,3,טיול מודרך,8402,סוכן משנה,שולם,16629,2700,4
TRV-10508,2026-06-17,טביליסי,גאורגיה,2,מלון בלבד,8629,מטא Ads,שולם,2360,223,4
TRV-10601,2026-06-19,פריז,צרפת,1,טיול מודרך,8411,טלפון,ממתין לתשלום,5426,810,10
TRV-10001,2026-06-20,ניו יורק,"ארה""ב",3,טיסה בלבד,4025,וואטסאפ,שולם,2325,237,12
TRV-10191,2026-06-21,פריז,צרפת,2,קרוז,8402,אתר,שולם,7414,1240,10
TRV-10566,2026-06-21,פראג,צ'כיה,3,טיסה בלבד,8629,מטא Ads,שולם,3648,619,5
TRV-10081,2026-06-22,פריז,צרפת,2,טיול מודרך,9320,אתר,שולם,8138,1623,11
TRV-10108,2026-06-22,טביליסי,גאורגיה,3,טיסה בלבד,8411,אתר,שולם,3156,555,10
TRV-10372,2026-06-22,בנגקוק,תאילנד,2,מלון בלבד,4025,וואטסאפ,שולם,3436,721,5
TRV-10518,2026-06-22,פריז,צרפת,4,קרוז,8629,מטא Ads,שולם,16636,3556,5
TRV-10375,2026-06-23,לרנקה,קפריסין,4,טיול מודרך,9320,אתר,ממתין לתשלום,21060,3560,5
TRV-10455,2026-06-23,ניו יורק,"ארה""ב",2,טיול מודרך,8629,אתר,שולם,7014,885,4
TRV-10560,2026-06-23,טביליסי,גאורגיה,4,מלון בלבד,4111,וואטסאפ,שולם,4156,514,8
TRV-10222,2026-06-24,טביליסי,גאורגיה,2,חבילה,4025,וואטסאפ,שולם,4796,497,6
TRV-10253,2026-06-24,אמסטרדם,הולנד,2,טיסה בלבד,8629,אתר,שולם,2530,294,10
TRV-10140,2026-06-25,טביליסי,גאורגיה,6,חבילה,9320,וואטסאפ,ממתין לתשלום,13200,1431,10
TRV-10675,2026-06-25,בנגקוק,תאילנד,4,טיסה בלבד,8402,מטא Ads,שולם,5008,930,8
TRV-10086,2026-06-26,דובאי,איחוד האמירויות,3,חבילה,4025,אתר,שולם,7410,808,9
TRV-10718,2026-06-27,דובאי,איחוד האמירויות,2,טיסה בלבד,9320,וואטסאפ,שולם,1716,305,10
TRV-10092,2026-06-28,לרנקה,קפריסין,4,חבילה,9320,מטא Ads,שולם,11292,1032,10
TRV-10448,2026-06-28,אתונה,יוון,3,טיול מודרך,4025,אתר,שולם,12156,1502,11
TRV-10478,2026-06-28,לונדון,בריטניה,1,חבילה,4111,וואטסאפ,שולם,3124,372,7
TRV-10488,2026-06-28,לונדון,בריטניה,2,חבילה,4111,טלפון,שולם,5656,959,8
TRV-10046,2026-06-29,פראג,צ'כיה,1,טיסה בלבד,8629,מטא Ads,שולם,1225,145,12
TRV-10198,2026-06-30,אמסטרדם,הולנד,2,טיסה בלבד,8402,וואטסאפ,בוטל,2096,292,7
TRV-10321,2026-06-30,רומא,איטליה,1,טיסה בלבד,9320,וואטסאפ,שולם,1187,223,9
TRV-10151,2026-07-01,טביליסי,גאורגיה,2,טיסה בלבד,8402,טלפון,ממתין לתשלום,2554,305,12
TRV-10320,2026-07-01,דובאי,איחוד האמירויות,2,טיול מודרך,8402,מטא Ads,שולם,12858,1641,4
TRV-10369,2026-07-01,אתונה,יוון,4,קרוז,9320,מטא Ads,ממתין לתשלום,17384,2362,7
TRV-10646,2026-07-01,טביליסי,גאורגיה,2,מלון בלבד,4111,אתר,שולם,3414,719,12
TRV-10347,2026-07-03,אמסטרדם,הולנד,3,טיסה בלבד,9320,טלפון,שולם,3213,575,5
TRV-10032,2026-07-04,טביליסי,גאורגיה,5,טיול מודרך,4025,מטא Ads,שולם,33195,4686,4
TRV-10513,2026-07-04,אמסטרדם,הולנד,4,טיול מודרך,4025,מטא Ads,שולם,23992,3435,10
TRV-10246,2026-07-05,רומא,איטליה,2,טיסה בלבד,8629,מטא Ads,שולם,2080,353,4
TRV-10120,2026-07-07,בנגקוק,תאילנד,2,טיסה בלבד,8411,אתר,שולם,2294,375,5
TRV-10348,2026-07-07,טביליסי,גאורגיה,2,מלון בלבד,8411,אתר,שולם,4630,476,7
TRV-10654,2026-07-07,דובאי,איחוד האמירויות,2,חבילה,9320,אתר,שולם,7240,994,10
TRV-10221,2026-07-08,דובאי,איחוד האמירויות,2,טיסה בלבד,8402,טלפון,שולם,3010,284,6
TRV-10686,2026-07-09,דובאי,איחוד האמירויות,4,טיסה בלבד,8411,מטא Ads,שולם,6268,1002,12
TRV-10176,2026-07-10,אתונה,יוון,2,טיסה בלבד,8411,אתר,ממתין לתשלום,2046,266,8
TRV-10288,2026-07-10,אתונה,יוון,4,טיול מודרך,4025,אתר,שולם,28172,5344,3
TRV-10454,2026-07-10,פראג,צ'כיה,2,חבילה,8402,אתר,שולם,7290,757,9
TRV-10627,2026-07-11,לונדון,בריטניה,6,טיול מודרך,8629,סוכן משנה,שולם,33348,4502,10
TRV-10649,2026-07-12,אמסטרדם,הולנד,3,טיול מודרך,8411,וואטסאפ,שולם,20613,2605,7
TRV-10178,2026-07-13,פריז,צרפת,2,טיול מודרך,8402,מטא Ads,שולם,13582,1712,10
TRV-10039,2026-07-15,אמסטרדם,הולנד,1,טיול מודרך,9320,מטא Ads,שולם,7463,974,12
TRV-10270,2026-07-15,אתונה,יוון,4,מלון בלבד,8402,אתר,שולם,6176,682,4
TRV-10367,2026-07-15,אתונה,יוון,4,טיסה בלבד,8402,טלפון,שולם,6552,1137,12
TRV-10547,2026-07-15,פראג,צ'כיה,2,מלון בלבד,8411,אתר,שולם,3756,454,7
TRV-10213,2026-07-16,רומא,איטליה,1,טיסה בלבד,8402,טלפון,שולם,1074,168,6
TRV-10465,2026-07-17,פראג,צ'כיה,2,טיסה בלבד,4111,וואטסאפ,שולם,3452,432,12
TRV-10525,2026-07-17,רומא,איטליה,2,טיול מודרך,8411,טלפון,שולם,14840,2306,10
TRV-10061,2026-07-18,רומא,איטליה,3,חבילה,9320,מטא Ads,שולם,10779,2309,5
TRV-10420,2026-07-18,רומא,איטליה,3,טיול מודרך,8402,אתר,שולם,18288,2389,10
TRV-10304,2026-07-19,פריז,צרפת,5,מלון בלבד,4111,וואטסאפ,שולם,8760,799,8
TRV-10443,2026-07-19,פראג,צ'כיה,2,טיסה בלבד,4111,אתר,שולם,3018,325,9
TRV-10495,2026-07-19,פראג,צ'כיה,4,טיסה בלבד,8402,וואטסאפ,שולם,5536,544,3
TRV-10585,2026-07-19,ברצלונה,ספרד,3,טיסה בלבד,8402,וואטסאפ,שולם,3282,423,8
TRV-10179,2026-07-20,טביליסי,גאורגיה,1,חבילה,8402,טלפון,שולם,4391,780,11
TRV-10342,2026-07-20,ברצלונה,ספרד,2,קרוז,8411,טלפון,שולם,10710,2051,12
TRV-10605,2026-07-20,פריז,צרפת,1,קרוז,9320,מטא Ads,שולם,5615,720,6
TRV-10586,2026-07-21,ניו יורק,"ארה""ב",5,חבילה,8402,וואטסאפ,שולם,13635,1901,10
TRV-10233,2026-07-22,פראג,צ'כיה,4,מלון בלבד,9320,אתר,שולם,8432,1530,10
TRV-10244,2026-07-22,אמסטרדם,הולנד,4,מלון בלבד,8411,אתר,שולם,8984,1469,8
TRV-10416,2026-07-22,אתונה,יוון,4,חבילה,8411,אתר,שולם,10676,1456,6
TRV-10109,2026-07-23,בנגקוק,תאילנד,3,מלון בלבד,8411,טלפון,ממתין לתשלום,4179,521,5
TRV-10374,2026-07-23,אתונה,יוון,4,חבילה,8402,וואטסאפ,שולם,16056,2432,5
TRV-10417,2026-07-23,לרנקה,קפריסין,2,מלון בלבד,8402,אתר,שולם,2622,541,11
TRV-10251,2026-07-24,אמסטרדם,הולנד,4,חבילה,9320,מטא Ads,בוטל,12932,1527,9
TRV-10075,2026-07-25,רומא,איטליה,2,מלון בלבד,9320,סוכן משנה,שולם,2758,451,10
TRV-10548,2026-07-25,ניו יורק,"ארה""ב",1,טיסה בלבד,4111,וואטסאפ,שולם,1729,373,9
TRV-10262,2026-07-26,רומא,איטליה,2,טיול מודרך,4111,אתר,שולם,12744,2410,4
TRV-10312,2026-07-26,פריז,צרפת,1,חבילה,4111,מטא Ads,שולם,3682,567,4
TRV-10450,2026-07-26,פראג,צ'כיה,2,חבילה,9320,אתר,שולם,5372,583,8
TRV-10683,2026-07-26,ברצלונה,ספרד,4,מלון בלבד,8629,טלפון,שולם,8468,1501,7
TRV-10018,2026-07-27,ברצלונה,ספרד,2,חבילה,8411,אתר,שולם,6884,899,4
TRV-10210,2026-07-27,לונדון,בריטניה,2,טיסה בלבד,8411,אתר,שולם,2758,533,12
TRV-10232,2026-07-27,דובאי,איחוד האמירויות,2,מלון בלבד,4111,וואטסאפ,שולם,4326,601,10
TRV-10445,2026-07-27,אמסטרדם,הולנד,2,טיול מודרך,4025,מטא Ads,שולם,9202,1344,12
TRV-10047,2026-07-28,ברצלונה,ספרד,2,מלון בלבד,8629,אתר,שולם,4494,588,6
TRV-10287,2026-07-28,לרנקה,קפריסין,2,חבילה,8411,וואטסאפ,שולם,7098,1346,5
TRV-10350,2026-07-28,ברצלונה,ספרד,4,טיסה בלבד,8402,מטא Ads,שולם,5568,938,8
TRV-10070,2026-07-30,לונדון,בריטניה,3,טיסה בלבד,8629,מטא Ads,שולם,3366,732,3
TRV-10128,2026-07-30,לרנקה,קפריסין,2,מלון בלבד,8629,וואטסאפ,שולם,4478,535,4
TRV-10322,2026-07-30,לרנקה,קפריסין,2,טיול מודרך,8629,וואטסאפ,שולם,13962,2608,6
TRV-10341,2026-07-30,פראג,צ'כיה,3,טיול מודרך,8629,מטא Ads,שולם,22977,4726,7
TRV-10599,2026-07-30,טביליסי,גאורגיה,1,טיול מודרך,8402,מטא Ads,שולם,6671,839,8
TRV-10184,2026-08-01,רומא,איטליה,2,טיסה בלבד,4111,אתר,שולם,3116,581,6
TRV-10055,2026-08-03,לונדון,בריטניה,2,מלון בלבד,4025,סוכן משנה,שולם,4286,893,5
TRV-10546,2026-08-03,פריז,צרפת,2,טיסה בלבד,8629,סוכן משנה,ממתין לתשלום,3316,667,12
TRV-10068,2026-08-04,אתונה,יוון,3,קרוז,8629,מטא Ads,שולם,14274,2797,5
TRV-10111,2026-08-04,ברצלונה,ספרד,1,חבילה,4111,טלפון,ממתין לתשלום,3066,372,5
TRV-10413,2026-08-04,פראג,צ'כיה,3,טיסה בלבד,8411,וואטסאפ,שולם,4962,681,8
TRV-10467,2026-08-04,אתונה,יוון,2,קרוז,4111,מטא Ads,בוטל,11134,1258,11
TRV-10014,2026-08-06,רומא,איטליה,2,חבילה,4025,וואטסאפ,שולם,5408,666,7
TRV-10041,2026-08-06,בנגקוק,תאילנד,1,חבילה,4111,אתר,שולם,3525,684,4
TRV-10324,2026-08-06,רומא,איטליה,2,מלון בלבד,8411,מטא Ads,בוטל,3296,536,5
TRV-10486,2026-08-06,ברצלונה,ספרד,2,טיסה בלבד,4111,טלפון,שולם,2298,293,9
TRV-10365,2026-08-07,פראג,צ'כיה,2,חבילה,4111,סוכן משנה,שולם,7804,1325,9
TRV-10437,2026-08-07,ניו יורק,"ארה""ב",2,חבילה,4025,מטא Ads,שולם,5520,923,12
TRV-10249,2026-08-08,ניו יורק,"ארה""ב",4,טיול מודרך,8411,סוכן משנה,שולם,26528,5606,5
TRV-10331,2026-08-08,דובאי,איחוד האמירויות,2,קרוז,8629,אתר,שולם,8230,1719,3
TRV-10354,2026-08-08,לרנקה,קפריסין,2,מלון בלבד,9320,וואטסאפ,בוטל,3422,523,8
TRV-10011,2026-08-09,דובאי,איחוד האמירויות,4,קרוז,8629,אתר,שולם,15564,2580,8
TRV-10238,2026-08-09,דובאי,איחוד האמירויות,1,טיסה בלבד,4025,אתר,ממתין לתשלום,1432,301,4
TRV-10418,2026-08-10,אתונה,יוון,3,מלון בלבד,4025,מטא Ads,שולם,4095,520,5
TRV-10016,2026-08-11,רומא,איטליה,2,טיסה בלבד,8629,אתר,שולם,3128,449,5
TRV-10113,2026-08-11,פראג,צ'כיה,3,חבילה,4111,טלפון,שולם,8412,793,12
TRV-10327,2026-08-11,פריז,צרפת,5,חבילה,4025,אתר,שולם,21160,4322,5
TRV-10595,2026-08-12,בנגקוק,תאילנד,1,קרוז,8402,מטא Ads,שולם,6484,1115,8
TRV-10707,2026-08-12,טביליסי,גאורגיה,6,מלון בלבד,4111,מטא Ads,שולם,12900,1946,7
TRV-10236,2026-08-14,רומא,איטליה,3,טיול מודרך,4111,אתר,שולם,22431,4056,10
TRV-10493,2026-08-14,ברצלונה,ספרד,5,חבילה,4025,אתר,שולם,20045,2672,5
TRV-10555,2026-08-14,בנגקוק,תאילנד,2,קרוז,8402,אתר,בוטל,9412,1325,12
TRV-10169,2026-08-15,טביליסי,גאורגיה,4,טיסה בלבד,8629,וואטסאפ,שולם,4284,758,3
TRV-10279,2026-08-15,אמסטרדם,הולנד,1,חבילה,8411,וואטסאפ,שולם,3364,475,10
TRV-10506,2026-08-15,פריז,צרפת,3,קרוז,8411,טלפון,שולם,13737,1749,11
TRV-10582,2026-08-15,ברצלונה,ספרד,2,טיול מודרך,8402,וואטסאפ,ממתין לתשלום,11286,1661,11
TRV-10028,2026-08-16,ניו יורק,"ארה""ב",2,חבילה,8402,וואטסאפ,שולם,6090,1085,7
TRV-10414,2026-08-16,ניו יורק,"ארה""ב",6,טיול מודרך,8629,טלפון,שולם,30840,5181,9
TRV-10666,2026-08-16,רומא,איטליה,1,חבילה,8629,מטא Ads,שולם,3174,311,5
TRV-10071,2026-08-18,פריז,צרפת,1,מלון בלבד,4111,אתר,שולם,1744,180,4
TRV-10340,2026-08-18,בנגקוק,תאילנד,4,מלון בלבד,4025,טלפון,שולם,8408,1828,8
TRV-10607,2026-08-19,אמסטרדם,הולנד,1,חבילה,9320,וואטסאפ,שולם,4320,550,9
TRV-10490,2026-08-20,פריז,צרפת,4,טיול מודרך,4025,אתר,שולם,31696,4693,6
TRV-10050,2026-08-21,דובאי,איחוד האמירויות,2,טיסה בלבד,4111,וואטסאפ,שולם,3212,299,12
TRV-10271,2026-08-21,אמסטרדם,הולנד,1,קרוז,4111,וואטסאפ,שולם,5341,1121,3
TRV-10326,2026-08-21,פריז,צרפת,4,קרוז,4025,אתר,בוטל,22384,4357,4
TRV-10487,2026-08-22,אמסטרדם,הולנד,2,קרוז,8629,מטא Ads,ממתין לתשלום,9796,1559,11
TRV-10242,2026-08-23,אתונה,יוון,2,קרוז,8629,טלפון,שולם,12932,2487,8
TRV-10709,2026-08-23,אמסטרדם,הולנד,4,מלון בלבד,8402,וואטסאפ,שולם,8676,1211,9
TRV-10227,2026-08-24,טביליסי,גאורגיה,1,טיסה בלבד,9320,אתר,שולם,1430,266,4
TRV-10280,2026-08-24,ניו יורק,"ארה""ב",2,מלון בלבד,8629,אתר,ממתין לתשלום,2674,414,12
TRV-10571,2026-08-25,ניו יורק,"ארה""ב",3,טיסה בלבד,9320,טלפון,שולם,4032,497,7
TRV-10656,2026-08-26,לרנקה,קפריסין,4,מלון בלבד,8411,אתר,שולם,8232,1727,5
TRV-10381,2026-08-27,רומא,איטליה,2,קרוז,9320,מטא Ads,ממתין לתשלום,8724,1817,8
TRV-10060,2026-08-28,בנגקוק,תאילנד,1,מלון בלבד,4111,טלפון,ממתין לתשלום,1560,252,11
TRV-10378,2026-08-28,אמסטרדם,הולנד,2,טיסה בלבד,9320,אתר,שולם,2596,302,3
TRV-10472,2026-08-28,טביליסי,גאורגיה,4,טיול מודרך,9320,טלפון,שולם,19248,3230,10
TRV-10029,2026-08-29,פראג,צ'כיה,1,טיסה בלבד,8402,אתר,שולם,1292,245,5
TRV-10209,2026-08-29,לרנקה,קפריסין,3,חבילה,4025,מטא Ads,שולם,7854,1117,11
TRV-10659,2026-08-29,לרנקה,קפריסין,2,טיול מודרך,4025,אתר,ממתין לתשלום,13260,1927,3
TRV-10380,2026-08-30,בנגקוק,תאילנד,3,קרוז,9320,מטא Ads,בוטל,18408,2083,6
TRV-10403,2026-08-31,פריז,צרפת,1,טיסה בלבד,4025,אתר,בוטל,1754,373,6
TRV-10509,2026-09-01,בנגקוק,תאילנד,2,טיסה בלבד,8402,מטא Ads,שולם,2614,523,11
TRV-10514,2026-09-01,אמסטרדם,הולנד,2,קרוז,4025,אתר,שולם,8744,1738,12
TRV-10183,2026-09-02,אתונה,יוון,4,מלון בלבד,8411,מטא Ads,שולם,6664,870,8
TRV-10712,2026-09-02,ברצלונה,ספרד,2,טיסה בלבד,8629,אתר,בוטל,1734,311,7
TRV-10199,2026-09-03,פראג,צ'כיה,2,טיסה בלבד,9320,אתר,שולם,1900,342,7
TRV-10562,2026-09-04,רומא,איטליה,1,טיול מודרך,9320,מטא Ads,שולם,6145,827,11
TRV-10579,2026-09-04,אמסטרדם,הולנד,1,מלון בלבד,8411,וואטסאפ,שולם,1387,215,3
TRV-10272,2026-09-05,ניו יורק,"ארה""ב",2,קרוז,8411,אתר,שולם,9174,1377,10
TRV-10303,2026-09-05,ניו יורק,"ארה""ב",2,קרוז,9320,וואטסאפ,שולם,9692,933,10
TRV-10058,2026-09-07,אתונה,יוון,2,קרוז,9320,וואטסאפ,שולם,9152,1287,4
TRV-10276,2026-09-07,ברצלונה,ספרד,3,מלון בלבד,9320,אתר,ממתין לתשלום,5490,620,6
TRV-10278,2026-09-07,ברצלונה,ספרד,1,מלון בלבד,4025,סוכן משנה,שולם,1886,215,7
TRV-10528,2026-09-07,טביליסי,גאורגיה,2,טיסה בלבד,8402,וואטסאפ,בוטל,2802,586,8
TRV-10207,2026-09-08,טביליסי,גאורגיה,2,חבילה,8629,טלפון,שולם,6528,649,8
TRV-10351,2026-09-09,אמסטרדם,הולנד,3,קרוז,4025,וואטסאפ,שולם,13608,2752,8
TRV-10697,2026-09-09,דובאי,איחוד האמירויות,1,טיסה בלבד,8411,טלפון,שולם,1297,233,5
TRV-10007,2026-09-11,אתונה,יוון,2,מלון בלבד,8411,אתר,בוטל,2804,529,4
TRV-10379,2026-09-11,ניו יורק,"ארה""ב",1,טיסה בלבד,9320,אתר,שולם,1229,197,6
TRV-10072,2026-09-12,ברצלונה,ספרד,2,מלון בלבד,9320,סוכן משנה,שולם,3076,412,4
TRV-10038,2026-09-13,טביליסי,גאורגיה,2,קרוז,9320,וואטסאפ,שולם,9198,1734,7
TRV-10671,2026-09-13,לרנקה,קפריסין,3,חבילה,4111,סוכן משנה,שולם,7653,1030,9
TRV-10704,2026-09-13,טביליסי,גאורגיה,4,חבילה,8402,אתר,בוטל,9044,1535,6
TRV-10291,2026-09-14,פראג,צ'כיה,2,חבילה,9320,טלפון,שולם,6676,648,9
TRV-10407,2026-09-14,רומא,איטליה,4,חבילה,9320,אתר,שולם,8764,1621,12
TRV-10006,2026-09-16,פריז,צרפת,2,חבילה,8411,וואטסאפ,בוטל,5848,828,6
TRV-10087,2026-09-16,ברצלונה,ספרד,2,קרוז,8411,טלפון,שולם,8416,1818,4
TRV-10349,2026-09-16,אתונה,יוון,2,מלון בלבד,9320,אתר,שולם,3896,679,3
TRV-10710,2026-09-16,ברצלונה,ספרד,1,טיסה בלבד,8411,וואטסאפ,שולם,849,172,12
TRV-10408,2026-09-17,ניו יורק,"ארה""ב",4,טיסה בלבד,4025,מטא Ads,שולם,5100,703,9
TRV-10677,2026-09-17,ברצלונה,ספרד,5,טיסה בלבד,4111,מטא Ads,שולם,4735,1010,12
TRV-10423,2026-09-18,ברצלונה,ספרד,2,טיול מודרך,4025,טלפון,ממתין לתשלום,11128,1191,10
TRV-10480,2026-09-18,בנגקוק,תאילנד,2,טיול מודרך,8402,אתר,ממתין לתשלום,12676,1502,10
TRV-10590,2026-09-18,דובאי,איחוד האמירויות,3,קרוז,4111,אתר,שולם,10746,1334,6
TRV-10657,2026-09-18,לונדון,בריטניה,2,מלון בלבד,8402,וואטסאפ,שולם,3128,495,4
TRV-10042,2026-09-19,ברצלונה,ספרד,1,טיול מודרך,9320,אתר,בוטל,5179,1005,10
TRV-10163,2026-09-19,דובאי,איחוד האמירויות,2,חבילה,4025,טלפון,שולם,7280,1333,5
TRV-10190,2026-09-19,טביליסי,גאורגיה,2,קרוז,4111,וואטסאפ,שולם,8388,1006,3
TRV-10553,2026-09-19,ניו יורק,"ארה""ב",5,טיול מודרך,8402,מטא Ads,בוטל,31295,4674,7
TRV-10685,2026-09-20,רומא,איטליה,2,קרוז,4111,מטא Ads,בוטל,8510,1117,11
TRV-10119,2026-09-21,רומא,איטליה,2,טיסה בלבד,8411,מטא Ads,שולם,2390,507,8
TRV-10143,2026-09-21,פראג,צ'כיה,5,טיסה בלבד,9320,טלפון,שולם,5695,1137,3
TRV-10150,2026-09-21,ברצלונה,ספרד,2,טיול מודרך,8629,מטא Ads,שולם,9140,1614,7
